,ISO,Debt_sustainability,Filed Patents,BLI_scaled,carbon_intensity,IMF-Adapted Readiness score_scaled,Vulnerability score_scaled,Biocapacity,Renewable_value_scaled,Mineral_value_scaled,GCP_scaled,Sovereign risk,Biocapacity_GDP,GeoV,GeoC,Renewable_value_pc_scaled,Storage_Potential_Per_Capita,Storage_Potential_Per_GDP,manufacturing_share,bii,TDG,External_Debt_GDP,Debt_Export_GDP,Debt_Service_export,Debt_Budget_Revenue,Short_term_on_gov_debt,Short_term_on_reserves,debt_service_UNCTAD,interest_rate_GDP_growth_differential
0,ALB,44.71694165345209,0.0,816.79579424458,0.06771153453279463,49.047045417899675,34.2463485525542,0.1847251215818405,7.836120702831961,0.7135877238875773,2324.249572193953,35.0,0.9366520247955942,3.1102244041486196,22.705472165331358,11.783165132893904,152.7163589970312,137.5400508905882,14.154715175438676,0.665819525718689,66.749,34.21163680054678,33.71404065108902,8.354539634616913,75.0265008349736,52.5495422283165,27.87674480427119,82.68775238014302,21.28271754711175
1,DZA,38.84680599456614,0.0009918131773092188,8400.694449748868,47.56139454423896,31.622226045108327,28.659978382889367,1.6365119994220596,,,142.67882057163098,,0.77789110638948,65.84669661747917,51.922157014093585,,79.65718096112631,114.6886199422547,19.513957328375962,0.96933114528656,55.363,21.23319609438556,27.07579894376005,4.36891919942741,73.23427664560083,47.10117663050328,20.21994498855589,79.69354284730913,21.33139860155309
2,AGO,45.76145353434796,0.0,9278.944024085247,11.200529772305831,24.96572592841882,65.33112573902791,2.8684450456100756,13.172418763694713,0.19795979058965293,116.7316112331406,18.83561611175537,3.987613149234998,27.64806495993134,50.48818266471042,5.923646413091547,130.96556982932233,437.94460273678465,16.63301615154235,0.7607461810112,59.202,40.7427286241309,23.52051810560141,12.99138053316733,82.65014300044881,38.14948636886268,26.15084430218776,94.98227268623096,33.46370818850193
3,ATG,61.22569406744059,0.0,1100.3444336620464,45.80472686729871,50.06396346193025,54.979264274308036,0.0019352727389915533,,,879.7307223073564,,0.2768058649208235,17.14379190412137,0.0,,,,4.451315100612858,1.0,79.905,26.47283475538188,93.52018818831056,77.81875379382723,83.39293852039181,62.39220425787539,22.18031374591684,83.2351593307026,22.11385401455891
4,ARG,49.75356065340051,0.20129840246667904,672.7963994853653,25.75775156291359,49.56976818337016,30.53573940010152,15.119250758548441,2.8228468588036253,1.7976432933163564,1756.693774352956,13.333333333333336,2.7565187621942098,23.232092287663153,45.31788669334645,7.209960967829813,415.7216860432017,226.2995865246109,35.0798004991843,0.707134485244751,73.581,28.91995493874117,43.60847862633671,15.22503308162254,74.26232049353361,42.61859368085527,42.05273329547917,84.62915720776974,42.88477455626637
5,ARM,38.86359941901668,0.0,26.92640242326565,18.622343789054128,49.91574046408713,28.15984503677718,0.1286069490321629,3.180782078924433,17.72872242125021,1405.8762728300403,36.66666666666667,0.6410096165776256,24.095430501367975,17.57355552455529,4.810448149621286,157.60763157093203,149.8047748131879,22.312133821358795,0.700294971466064,50.175,30.81543789722275,14.77467488897355,4.112111434473718,71.54528766832593,43.78551596919259,27.1826407702771,85.10789216588483,22.27383397679969
6,AUS,48.45412210882567,2.2024401777963973,2570.0438512321625,41.53149417808482,88.7584619888342,13.879733513963563,18.29689468921359,4.148688709515574,35.61368637781446,1405.6339819207024,100.0,1.245782071465465,46.415607228568625,64.44350575739466,51.62054545268724,1051.4958507194417,125.25016651492137,10.795933580468942,0.696458160877228,62.441,40.68383940113404,31.96763666820635,6.262792544139302,69.09324579955792,76.9281847175623,47.90375995167516,78.59905277944745,22.20758711770848
7,AUT,49.56423978675408,0.5710463549675558,271.8444115715819,6.865280557190795,90.73549161273718,12.156619808944393,1.484183948442015,1.0440483925332233,0.43730809847515256,6700.744378014307,95.0,0.34007384125841633,13.875772447545712,27.3551525447746,10.98569773504032,141.68990539437672,19.528865489176727,34.09228794477462,0.72623747587204,72.609,47.12834112828421,22.92233696985136,2.333415866228961,65.30858714765317,79.79170601915823,53.79377943611519,78.25781194310764,23.93317957038798
8,AZE,35.91710805242658,0.0,9082.597262214369,50.39473871102699,43.43594842985449,40.083282473599944,0.5560498570224952,3.0786421613939843,1.2050733176599482,334.0120092289663,48.33333333333335,0.908060151449441,51.89684120893965,42.1690158168829,3.8379903508077207,68.56650823546573,74.23769990110654,11.71793730129532,0.70293664932251,23.374,27.42628449266442,10.89319077413262,1.609510450746484,50.45272975072818,75.73996280554132,29.72005710633645,77.99844845515199,26.03978863653784
9,BHS,69.10095100148766,0.0,1635.5336528061446,,52.6899603701158,52.06124911092549,,,,790.4521289349254,41.43150568008423,,28.24318441976863,80.21379107914073,,62.59173895659724,12.643839897435107,1.1428360437354153,0.939852058887482,83.516,84.28193271388614,65.31651633724863,49.06647052048447,84.45074040518124,89.28639337303652,55.03777926499855,89.84211860080839,21.11060779774506
10,BHR,62.99901585873445,0.0,2257.9083448843944,68.51321459815011,58.93473096598879,46.4731476018543,0.03807995819418236,0.10591280858477993,0.19795979058965293,1245.8003445498698,33.333333333333336,0.10228581774147225,30.33518847792149,88.16859357273556,0.43985441317890095,,,44.77145254199167,1.0,127.921,61.59505618967023,27.5721656355559,7.216327752967118,93.81703799379255,84.90319838974655,48.52508685929883,92.90655740253253,22.53471250504645
11,BGD,44.60720591167079,0.0,4.161185214282881,51.418320878550404,32.7159999961999,76.84914741326135,2.2239757674039264,10.360008864667023,0.19795979058965293,1264.5994201945578,40.0,0.5976009033344668,64.85957406112936,59.216171620792636,4.748289203131195,6.536357149744701,19.788310759436783,48.4343101711787,0.369727343320847,42.389,21.68504208107504,37.18489884759248,15.19939414367082,89.23708035164947,52.42634885024947,36.650947430678,82.8400462045179,23.85209529560392
12,BRB,66.55602271121215,0.0,804.692654227539,44.938536424644695,75.59167198605267,30.646957345776173,0.0,,,2041.2510061183834,17.5,0.04805098386878445,33.20405133330927,85.9590398973412,,,,11.312976222508995,0.926104485988617,107.077,76.14714537777002,61.99285246905453,43.12756775726757,83.72885984142135,74.14860802157497,38.02963926216387,94.41595383802641,20.3365778336306
13,BLR,37.40767843303062,1.9836263546184375e-05,1509.616930098196,26.570828193938787,42.95093244341039,18.744994859494753,1.8068994951161634,4.133982900012793,0.19795979058965293,3809.739666175206,28.333333333333332,2.966289971395792,18.489229090900686,51.103319116240144,5.6143897789280794,277.64414851651173,271.53533250005637,49.913194948973114,0.765685677528381,40.348,21.87062834088783,12.25408404467078,2.412880495700165,58.36908947177021,65.45993235961859,30.22970414523408,81.17816366675213,24.54662337264181
14,BEL,53.87259789133887,0.039593182038184016,637.8401737224293,8.68179287194437,80.03936172992955,19.77583180527515,0.6583253972788202,0.3046069389161017,0.19795979058965293,6376.726656072883,86.66666666666664,0.11838028987855626,13.02655492219029,33.21220859873032,3.0505177072782432,33.67468355729753,4.7553367557590445,23.856532974470174,0.638174474239349,108.264,50.13885474983135,18.43244259469333,1.968806722270983,73.33312701769019,78.66883837908404,50.77921365536297,80.85579093324436,22.41230696987265
15,BLZ,53.30348701667265,0.0,533.381425805252,10.290884417307918,38.345566673229,53.34142886500067,0.07669546930439824,10.871244227094863,0.19795979058965293,1141.4366892704754,8.924657702445986,3.0561002153354915,47.863926188823314,81.42497608236643,15.369242578987816,635.6756971834972,658.0870040175295,12.866011613354592,0.904595077037811,58.454,64.12550319190984,36.05191780989594,11.63173264812485,76.7981882961117,79.56782936168564,45.29734432250707,83.55717427655102,24.24769324326786
16,BEN,41.76086930548621,0.0,594.4924822438625,44.158964246683894,37.56213955934449,81.23574173823415,0.46609705607030033,39.89183501066022,0.19795979058965293,928.146326303037,32.93835639953613,2.8070731649992773,9.646827371041775,17.365678943945166,11.219636867374861,29.400943954057674,162.86565973214456,21.213994962954246,0.856325566768646,51.645,34.4301343919642,30.09210688318711,6.854748190413829,81.68923048487176,44.06367693926047,26.0470740069355,81.19710641666039,19.82874643608262
17,BTN,53.4070408530903,0.0,60.6017029425324,0.05026759360709026,47.22459752612227,69.87761388776616,,,,529.4548219300923,,,0.0,8.17787238237233,,527.2813122158841,1060.6311860872045,,0.830990016460419,130.383,34.32585222563387,43.1939876045081,5.950256142794842,88.13163171529563,48.02532809370373,25.67768144699395,81.54847170998787,23.42715873889464
18,BOL,51.01842576069381,0.0,2706.2622839167057,36.29403516740525,32.40398591679103,49.64289520242654,9.409170900588945,5.394007732357176,14.227179103300594,520.879611970307,31.666666666666664,24.57804756844836,39.71980060211515,50.27197231803455,3.518397890271506,539.6877125648053,1130.6824224871084,21.48769453829297,0.79813951253891,83.077,27.98240641955772,38.28658859816005,9.279938511633645,78.89317739034173,62.23479753091678,53.10055048878601,83.64408278130645,22.66729012554184
19,BIH,36.37403112565679,0.0,205.6512799543869,45.89970994146147,41.74956803197034,24.739821860877626,0.450221598887227,6.5120347708885165,2.8621682654120835,3372.9637879306288,27.500000000000004,1.9386377470561111,11.29710811530132,8.453021433016104,9.744435004215205,177.07683397305834,157.86239801799437,28.435689663854973,0.695039331912994,27.34,30.81642351142523,14.27756184783391,2.359842742959017,51.32909471939747,74.01514868682432,26.41242555636189,78.51805588175503,22.29772718435424
20,BWA,33.91520068205918,0.0,27.355341554197032,64.38269584883895,46.800815555038845,46.32374506070112,0.4234633571767115,4.69523613937796,1.0719274342628504,345.36098265123877,68.26712369918825,2.5885291397064547,21.746067251099312,52.46006173257841,6.371360166183996,473.11278347350105,466.8653410289788,11.386091639712673,0.827091157436371,19.305,27.12086762218155,14.77552264003583,3.467255524959228,54.79086889804909,62.42610742290923,22.86535359786789,78.57851806678691,21.90731236574284
21,BRA,55.52344070431769,1.4059150150993638,1155.1475565783437,5.678948665218856,46.452464854359945,28.450648921103216,100.0,5.309982135928921,10.89820136816618,2421.1942257835376,41.66666666666667,5.420559336574102,33.19828861818506,37.778298279074555,9.776686387353609,190.84873440633478,142.02972042777947,28.461591726977247,0.754529654979706,91.485,29.34857032780997,43.95977748976816,35.28799282067826,74.85767583667547,66.02047632348528,33.14466626284064,95.47968025883213,30.12712701876925
22,BRN,29.70862572462658,0.0,8670.244861153975,67.75391675382154,68.76855580187592,38.819496284037,0.06433283747167601,,,307.86862253272636,,0.5212230833863978,33.882707763201466,60.30319176089232,,424.86527630074573,99.76231959991773,21.865760475285327,0.935400187969208,2.199,35.64570434042764,0.0,0.0,18.51879662663209,86.50322755310553,26.20098488973513,75.46176398682499,22.84815412491381
23,BGR,36.27127260881217,0.018269198726035808,426.967150687115,24.519225754482814,52.88958313674188,27.052266757195888,1.3487126880200646,3.09622174361924,4.23937747692593,5734.753336241511,61.66666666666665,1.5532472569729159,11.222028896931361,42.81623864297464,8.235194630491833,118.09167412793732,57.418204055764335,,0.718447744846344,22.903,37.04379275479039,8.94574551256278,0.841363488133311,51.89710829111031,78.55826535886263,28.81617893320925,75.73955694126272,21.69644219937815
24,BFA,50.12341223928773,0.0,33.11866232358849,41.42370039432164,27.443291181890107,69.10372369148277,0.9578825606487453,37.45055791529528,55.48362455562763,218.90677943528658,30.0,5.569603840546962,33.55765397688458,28.222252024527567,6.2777722173102815,32.302410692822924,282.6267390211473,22.60692080161683,0.844546020030975,60.212,27.10258023320898,32.03865930462672,9.588258820230749,78.46174454999635,41.40391286217412,96.48569481923255,83.59665452244447,22.22120504167566
25,BDI,48.5696409429947,0.0,104.89727869615368,16.154333650312577,17.126416833157855,76.82482748521932,0.22890584017863919,100.0,5.860262471617658,506.4548221769179,,10.338342408879333,14.749076289454727,44.84487533346066,3.7340910431830703,14.222080236557533,571.8475693099733,,0.464619815349579,60.982,32.56251312277629,54.30583715142876,31.24947351027231,81.96251505886767,31.42173569270936,34.63643423358526,82.39934229952586,27.60691741778678
26,CPV,65.38760517132866,0.0,58.50073511984242,,50.21358077073666,44.87183749263251,0.01197626213520019,,,612.1342353346598,25.335615873336792,0.6887262994215828,33.04472345974804,28.95033713521758,,,,9.33396483383402,0.989623308181763,117.88,46.28061587909133,93.07381828433353,60.96073441435897,88.35427464609228,50.42596825901382,28.57446063883911,83.14635763262072,19.79221678760818
27,KHM,39.10228220098254,0.0,2.962799769381874,34.84995488537849,40.615317734122385,58.691570266217,1.073586588051075,22.798796054858276,0.19795979058965293,1697.6437295202509,30.0,2.9947288015204983,61.804756737493406,84.66226189082646,10.627825300718314,56.61259179367828,179.94431695677505,57.28096088235183,0.712738335132599,38.791,52.37352146969181,9.272170038662807,0.3057185565878626,77.025778618404,43.66112749088298,31.6728932521583,76.41975908637275,22.39857129608233
28,CMR,41.75198590290728,0.0,4111.791425985103,20.437697659551255,28.18006597400171,60.31094186033151,2.3216759941771428,29.91987157380661,0.6201006517480702,457.6758329096803,28.333333333333332,5.557815972419598,29.65453647883434,36.93200020947182,10.032606834419612,115.08412729185211,511.7252109933825,28.806540263623287,0.849624454975128,40.385,33.77061641166563,39.75362204882271,9.879160036368376,76.141327051506,43.52969400872405,31.42371274438969,79.31631367777868,21.56842714691044
29,CAN,55.46436363229052,2.602061543197828,2129.5993850691593,11.038676555861967,89.71054692129994,7.553519017865354,31.69382068144947,2.6960689840238454,2.5140040308620626,4011.422404737837,98.33333333333336,1.741409934515507,31.128924088919447,23.023491978901433,27.99037908118342,4401.200767022441,626.8959464479316,,0.906276762485504,102.208,48.40317195899252,35.84427344563488,9.477283691423736,75.21380731350375,78.16888369884305,50.84510884934193,76.23765505566912,22.78108867720574
30,CAF,42.1271381204018,0.0,294.0903530753973,,11.562124063720388,82.85929239247764,2.1651262978108203,57.90300350458718,1.4909346332626616,639.4406151226951,,100.0,16.678408877497265,49.80662912309638,4.857813741862267,642.2095692577958,10000.0,38.701299061727305,0.948429942131042,48.503,23.26683229787932,54.94772945271922,9.752871649124472,81.2609909323001,37.97636193560857,21.21098532320172,77.62582921540158,24.59964227738127
31,TCD,36.14348442922713,0.0,8584.41204341237,,20.112494849529895,100.0,1.4413145469116806,27.78018375961465,0.19795979058965293,17.78971376085856,,12.94385019998114,35.14376088116557,37.80535138898301,3.795933976968968,112.57017229217603,878.9977524992919,,0.79140704870224,40.115,23.93424162345138,19.03967017405068,3.205116470616531,75.28969545403501,37.50929959791613,24.49614526882415,79.51255826042903,22.18963301372127
32,CHL,39.8963285259415,0.17769324884671964,53.288290566991314,21.701646875849683,61.96800555639695,21.083072965042827,3.5354069185102124,3.4725593537422585,46.634514669844364,1400.765441414817,75.37442843119304,1.2405331752067361,34.90730629451446,42.24049917663491,10.950489672170745,611.0441963286456,276.50369098409004,19.316048719251487,0.877427399158478,38.497,40.47312766457287,19.94344106370147,3.213244768030791,67.9435669631304,48.92775923990941,38.59475152025847,76.75857608125254,24.71548943261759
33,CHN,46.5939157936263,100.0,126.5650057573211,43.66066171053134,65.38063685598071,25.88095717645752,59.76897868014635,5.857015051758864,1.410786632398371,10000.0,80.0,0.3934410802189433,57.64178354953857,89.65442430013968,13.430633168047951,44.78886899191477,26.708361242058103,56.94336511792457,0.637170553207397,87.155,18.96932597050238,40.75444597935012,4.381118092175711,81.67087804103367,60.98046479196826,27.1266759768255,78.75154573477923,19.55578755600189
34,COL,46.76770941313666,0.07581419927351668,4739.707510775312,19.132127864243678,43.22032926263593,38.43803287281573,9.811967873404166,3.288876763029949,2.890223871527565,1774.639490175534,54.78995482126871,3.180314268804735,35.86969601061741,73.03353925528367,4.097220822863672,135.67416098776525,149.66961074246967,23.0806015944685,0.718732416629791,61.099,37.86376094131947,37.49580951383473,21.40199999472861,73.299737980626,37.27420754777719,33.99524289241996,89.1031805550477,29.37644529247628
35,COM,43.70818780041072,0.0,28.386613433940866,48.27956449917485,20.142294405339538,74.67847422722703,0.01053145633572186,10.152914543696584,0.19795979058965293,308.03105709219165,,1.1666475128962608,38.85094199240265,65.17130482462896,2.8898932071725327,,,,0.635194599628448,35.659,28.06262071323397,64.5559963064785,12.81998238130359,73.33042709221117,49.81820390686335,29.81854980659791,76.80466587688713,22.50424412012092
36,COD,26.88955326332711,0.0,330.35827551763396,0.2724826940043714,11.33054070018526,78.70085004249415,10.603952360203103,45.776476156247234,33.442771222649775,127.5808557286112,20.0,18.831888038054903,13.231796159448686,12.176473849907278,5.789097794313667,129.72112534181903,1581.6924782090612,38.70188205210823,0.938701093196869,8.982,17.75890352222063,7.380306071752841,1.331567356633514,48.53057465963137,33.48016851019192,24.05953090112295,76.71540488777539,23.76752346061541
37,COG,47.879079571824,0.0,5103.803593938536,53.80485247196803,23.817571300253494,67.56421669135537,2.6971675299111184,18.4148822970205,0.19795979058965293,262.7325009287524,16.666666666666664,20.77089701395704,16.60014183915312,29.417490105096768,8.892518151209982,424.46097322206515,1322.8989315676888,,0.748914062976837,89.238,36.93949394036224,24.87289168759446,5.624940470079309,82.24891981090727,36.37917028116532,31.15615963186856,86.59960119026603,37.85253913417282
38,CRI,46.03960382474011,0.021423164629879126,3.57213556360243,0.09482856295707201,51.76351098058194,32.67380150832716,0.4378567412911069,5.574575441102011,1.0590409319370666,1877.1976709869673,30.0,0.5981221138116338,49.85341500661824,73.00695371640859,17.18969704114687,97.78260286990985,44.574107388287096,29.09758324862129,0.649609863758087,62.823,33.35964307130507,27.2035996022002,13.4669023349627,85.4020156739171,45.2514324167112,32.61366531634928,92.74156461890371,21.4946113883117
39,CYP,54.63416683494933,0.06083782029614748,1056.914522931071,39.858836317330336,63.898902286660864,27.221730004613427,0.023306938743314787,,,2302.497384255657,52.40639209747315,0.08860040581449234,29.389704083712946,33.320063484044496,,19.059533140446103,5.842261401331963,8.545879988579419,1.0,71.933,62.04840507914093,41.46528846058652,8.278013833756859,67.92689205902654,82.22690293608693,56.65912977159517,79.85923850407688,21.31063087027415
40,CZE,39.12677287735276,0.08731923213030363,314.7944033456504,32.66446638136299,72.51440112152895,3.025662364224398,1.5408028036144932,1.260692566885951,0.19795979058965293,5991.382647463159,85.0,0.5276849219939925,7.322226487298867,27.156261579259123,7.310382291295182,92.30850107439392,22.56648773262183,43.28061313634802,0.61197692155838,43.284,38.78174232940967,9.882597194606376,1.394223253476184,60.11022410813981,65.71814787918962,31.47801398456564,77.41757651842764,24.07443062835996
41,DNK,39.29977182385701,0.5583908188250902,304.354563677842,9.842757485245466,96.78269997890567,24.494568311371193,1.4397740332860953,0.46727178729765667,0.19795979058965293,5801.263740537891,100.0,0.4152310088555926,14.20713467607277,44.54151524699632,5.976615404263845,121.35831260484755,13.691716742857944,34.28514249280206,0.439850449562073,30.325,49.6426346280972,14.69106031856489,1.69128885568125,49.38441192912306,75.21931989517046,39.20450102639872,72.42745373036462,21.11227603131294
42,DOM,49.12064495771121,0.009164353758337181,75.06401356294941,43.33241504927917,47.05602786674641,45.92565318089577,0.45335341920055344,3.5882586693239142,5.65781449609254,2207.2085339278465,40.0,0.44033126769548164,51.94734947252295,72.26090837720066,7.094093825401458,37.90364871831155,27.536994724127723,29.37742306485421,0.588196098804474,57.954,35.49316614534382,41.98331940289091,21.08021438012884,82.38862276047459,56.91493513706781,35.36519534304843,86.83020034742594,24.07615110302054
43,ECU,46.92893137975108,0.022097597590449394,3525.0874637872885,11.906589853029285,41.60033797958199,54.180709150481874,1.9019879882900146,4.5625344338003355,1.4627051136586755,704.3080087144397,20.0,1.8868392268672243,37.80202602504257,71.13825932435655,5.456234210530854,115.25660690230417,132.10859690497117,26.498126674570603,0.79466187953949,57.303,35.93826331350806,25.30130241528735,6.357101111531847,66.78662766709547,77.22464898713449,48.82240522112527,78.58051127124762,26.04652243082963
44,EGY,59.37475069768283,0.01573015699212421,1943.7370730996843,42.91506328808609,36.55621109029063,36.76781038169909,1.4592536291896876,15.731410727668246,0.891782459974196,4019.160437939903,31.666666666666664,0.4327272294344673,44.33520597987785,74.02206143157268,10.46550388198186,14.674846803456315,32.78589510377336,31.936806254469772,1.0,87.044,35.89672476724422,48.68754375036718,38.3029410965928,90.56518951830908,57.87524827396494,39.45559886749069,100.0,36.54551000517661
45,SLV,53.07405232490392,0.0019241175639798844,214.501131389361,7.399137041663597,35.94695972929902,42.04686184534818,0.1820389105149324,3.447429492231244,0.19795979058965293,2430.9740819090275,24.292237758636475,0.6383162507340548,48.93068824641256,87.3726666555183,3.1975227033729507,23.366705126378324,33.633972430299664,29.949932919087413,0.35664290189743,78.325,36.97711589079506,37.39677381390169,18.09519999765075,78.8247393708752,74.61069570073509,38.8013793347497,91.80540410616565,22.83016270926217
46,GNQ,30.82990734084556,0.0,9135.445800313399,45.33576742792462,19.099601669068182,40.46693028974841,0.24677729349186564,,,0.0,,2.382803805564687,37.64648973295176,50.03173432107806,,131.30522582501425,151.85722390005566,53.538559424916656,0.91527533531189,29.48,9.854362723007512,12.14778446390835,2.240052059544951,67.64805511663009,33.79447551052615,14.59770852239039,79.37708722454258,28.32964044706002
47,EST,37.51486012294717,0.006883183450525978,535.6617011823788,28.41427082958002,74.45992060583244,20.04564221630428,0.7461160117671568,2.7831485330407966,0.19795979058965293,4814.56694690507,83.33333333333336,2.135696151435414,9.981416109149857,37.39170504783086,15.811434282566408,545.9303916122107,139.9190792632571,25.318721617096685,0.872553944587708,23.11,30.33972152875708,9.305125965527282,0.3344267536631378,47.7036830853724,82.69645663390048,42.66907623280555,76.08366400777314,25.39158689872541
48,SWZ,39.2427720527873,0.0,137.84688491287315,9.300950144129644,31.834590165137243,52.36627686805059,0.057986729457590376,14.763665329033127,0.19795979058965293,1451.7460976352659,25.0,1.6124369068473663,5.817882940043384,21.374927278952217,10.019607154228975,162.7811713501561,335.98723654890887,62.70000055816342,0.63260543346405,37.168,31.47972101901075,16.08319326566055,6.149018389322464,63.04969777175899,59.67822333488883,30.55291943027695,85.12586137467599,23.89831388949117
49,ETH,46.26626507268551,0.0,37.95791866026832,0.0,24.808342961025264,68.65048795397587,3.3923141305763593,18.449926328334097,0.5664939119082573,1616.163908461907,20.945205688476566,2.442317590931062,34.880215424545405,91.48181291701836,4.5050937858154585,48.812811392970055,382.68813016074205,8.838410374891499,0.800899624824524,33.255,19.04778258572605,65.56073666994462,22.67060573144113,86.44430381703437,48.57214903936637,35.63906522589621,77.71174491130851,27.49499767345226
50,FJI,51.28255141712196,0.0,318.13003324562885,19.85664821414124,60.580601202626816,52.21504380013459,0.1257672744325167,,,2298.1485088678655,37.55479335784912,2.784070767493984,38.861502218775136,73.56050831242283,,289.4718084987173,379.63877749281926,19.661116957344564,0.836346566677094,87.377,33.67815244887709,44.04913698344473,18.74489637903207,80.43525616820982,67.01759931113496,24.94157939918235,88.86191223256903,16.43742983164759
51,FIN,51.84402073124858,0.11671657470574888,630.8493516595476,4.513011940566727,97.4162015622262,11.089655073532596,3.804654263707806,2.2606837629101673,1.003547548910598,3868.916041701382,95.0,1.5161720888168595,16.104876181982124,43.97871374619232,22.237123217598953,1020.3833870053311,149.18974836826823,32.014133389254305,0.958013653755188,75.914,54.93498983875645,31.21894597825883,3.630812277072437,65.5745343947008,82.67015014002753,53.63812579143871,75.08713085713212,23.92749730385033
52,FRA,59.01922424989833,1.0518773833270652,330.4748281492449,2.4733229231343548,83.52510733644912,12.256047904033025,9.538065372595424,0.713511136398972,0.19795979058965293,7658.640361541102,90.0,0.36601703998107027,19.58200481835273,49.11854058868623,5.829700309415477,87.6188047120157,15.1413400850406,20.481224821382504,0.622142672538757,112.409,53.89131686861799,41.5445406612431,6.931163930559705,73.49010415940111,81.06515298872978,57.56952018422197,81.67289044251191,22.59932901379938
53,GAB,43.76814503670438,0.0,6681.6442881958155,31.644263659231036,32.98243791338985,47.68131276896499,2.348424419700365,11.479132355817862,0.28737261196445024,118.01819900738124,19.280822277069092,14.292748407732766,24.55375776548135,49.771209242108064,17.711578002017767,951.6760450547542,910.5982538607254,43.67007731113026,0.84200245141983,58.209,37.51804981850887,21.0258476668559,6.205086099126447,77.82928063111099,44.94556788519468,38.90723296806675,86.25741541682257,23.01582484465322
54,GMB,64.23711099031506,0.0,146.15973942518713,50.135686876290606,31.4244465707258,69.96455705974519,0.06728351488693231,8.22458698944061,0.19795979058965293,664.3652033909326,,3.4492706591933264,20.863125624496707,28.587903574311007,1.1540066429682128,23.689727921354585,205.99494197104437,2.2513519092511594,0.668298244476318,68.628,33.40391918233354,100.0,100.0,81.3488503058185,53.46064833554728,28.2410014521777,82.87912303206028,30.17245660489817
55,GEO,41.63316932109272,0.008648610906136387,444.08782403685245,11.265350419331094,58.630523739803344,37.36802605357082,0.29286064029782094,2.774557538667686,4.459476900871782,1728.46407626662,45.0,1.1301641744052313,36.581564413539915,41.87813712659227,4.001878066868229,336.2837865526939,313.52313012279996,17.430165721377687,0.760799050331116,40.334,34.42073351624117,23.26497791460071,5.392624709894335,65.77631185765195,71.54787807517917,31.49828431416105,80.77812181054371,21.68559169156238
56,DEU,48.79064290226199,5.437100001745591,319.9575316636176,27.110550179478558,90.49475579398266,12.102539868820884,7.744361515531338,0.5503936986403494,0.20290185742694483,7489.878399586721,100.0,0.19928530401585576,18.1202788911801,49.500441607088945,5.437252434494323,55.59765869585035,7.96028666042811,39.99798050358691,0.67799437046051,66.473,46.26117922307799,22.56244271799068,1.870243000064193,65.5091612901204,80.77010003722827,54.44773470221355,77.77429278814279,23.44763236152003
57,GHA,55.63542045927797,0.0,2042.3225405267822,33.46800806507956,37.51017245856723,48.965178944176145,2.031898264468752,23.898548477219286,14.365774727814939,621.0807088804497,26.666666666666668,3.138132922206706,24.85289969669028,50.30025761513689,10.229815973776715,28.446549423176005,92.15676869115981,23.79389143388205,0.558802008628845,92.841,43.92531223732431,35.1910459009207,10.07727842069107,92.00858878750662,62.84592105207501,42.82370309281781,86.42809587672096,34.57783876544527
58,GRC,63.39998408432128,0.04048581389776231,1793.5828241551458,24.442635126714702,63.555536405342515,22.261800288723485,0.8533351437426481,1.9406292683889228,0.4337703100792182,3746.7807384277194,42.82191753387451,0.41199028826598366,15.409037494062355,38.032222355220206,7.970826571402098,72.30127257134767,23.861789004011158,18.261906792712647,0.652947187423706,160.498,40.75658292032915,48.09069678811841,9.826405275676962,80.89895491554734,72.73148805057136,48.54508340375432,87.63751954169771,21.61512586319627
59,GRD,51.77187362998657,0.0,111.46806088402386,,65.70674513675044,34.39637716633081,0.008286174705010987,,,1597.4379175655693,,0.9972989072218518,16.809141059012838,69.89600560117093,,,,6.831234344075949,0.935909688472748,59.662,40.45154456953787,66.53188248673314,30.06279571311234,64.68327983677028,71.54798757234066,31.87461508341795,80.79489078209141,20.3378666258755
60,GTM,40.97713886310184,0.005633498847116362,195.6332626256179,19.419999702827088,28.146458262563318,46.7167720434241,0.8771242170804482,5.262468391258265,2.0239648908319667,2706.0718366249134,43.33333333333333,0.9906199598858779,37.81520899949985,61.55578705516942,5.7830003347914465,66.36754628787396,89.01172947966224,29.920000907248305,0.597091734409332,28.102,28.839209785604,25.53367107913101,9.586255437569662,74.07604446648479,68.03210988149644,29.94559531942963,81.33267148466072,23.34669231354028
61,GIN,33.89977152626163,0.0,222.45358009747758,12.408240651686167,28.267521515931698,71.64268409824673,1.3737958430257102,25.20936372512898,23.65623744650131,115.87173873462149,,7.307467816276536,12.609806767660354,32.29729310476848,7.576907146602228,91.52199336076632,454.40554680040606,,0.559722721576691,30.084,24.8309097929457,12.70842643066175,1.257555615065712,73.24791444619815,29.65410815726979,32.385028097625,77.08263685996698,23.84736433662162
62,GNB,43.34255955411874,0.0,7.385581860024537,,22.158880004629687,92.66023100370025,0.2646573074335454,48.528348801246096,0.19795979058965293,104.13110426826577,,15.39351929452876,6.691509534725254,2.5488961032960127,8.85656405641319,74.34961111459529,595.0732379540119,25.28230356018305,0.616385281085968,74.655,24.10936752924442,45.48654469851522,16.84087244756324,90.49558810165234,31.28499642151034,0.0,84.91260756216586,22.29805922641719
63,GUY,28.84115145118517,0.0,1237.9311775599026,47.614680641319104,40.834255551975566,47.08230611740253,3.329548572961899,7.201675737250558,17.73141483927685,475.8146881852206,,22.889340869050173,35.150126339638454,52.766837838004356,28.463181946902814,815.7437512656882,307.71158124087844,,0.937455475330353,24.206,11.57982094542524,4.833149384736089,0.3200676526389543,66.7805640368657,46.13033865966804,28.99987587859865,76.72054650273384,0.0
64,HTI,35.32026445943235,0.0,1.1650584678635667,,15.682702766185747,65.6458568607878,0.12553790666082673,6.486553568936791,0.19795979058965293,506.4456067138959,,0.760069530266347,76.14071405935464,50.33406575126893,1.8465418801513196,19.65848939916417,89.00596855689719,53.17004743675244,0.467608839273453,19.899,7.23337059080427,44.39116585557463,6.902287789582488,69.14347578108222,46.21636086283506,21.20883479779665,76.48726535515945,26.40061910205637
65,HND,45.0999199586286,0.0016067373472409344,94.56612836101534,20.73252016367336,27.092679070118493,49.72241784102615,0.9725080519359358,7.666144741429306,1.4511784530837135,1618.3697779110416,37.5,3.3397440126904288,44.25513478407786,69.68219361885457,4.5634128128010545,124.44912971506419,297.7952328263314,32.87614784322177,0.703014612197876,50.022,37.40018975664975,32.37164327420351,13.43176277735802,71.93153950474724,63.0206782597166,33.14526596968159,80.45892480909477,24.11727527620601
66,HUN,44.78951041310293,0.20576156176457056,355.16867688149193,13.4615525837883,58.94588947922964,25.503726351023047,1.15556898734647,2.272082245597758,0.19795979058965293,4407.907145717658,58.785387674967446,0.6404416513190558,8.440675823332523,26.591012206574423,8.952470838406546,74.56915027891509,25.810928902379786,36.90264073495306,0.60284286737442,69.966,41.35820707480593,14.08778034890696,4.846269419928603,68.46178154227006,51.10885888862934,38.13738163746886,88.39410350958163,26.74521129633495
67,ISL,45.81752457387842,0.005812025219032022,82.72743486213692,0.3727352083468233,89.93290094190691,24.527517285749706,,2.3055563124927834,0.19795979058965293,928.3363130816113,75.0,,11.169468047890382,26.60835084065971,36.432969303669296,10000.0,965.85763788326,20.079941237052303,0.822392880916595,61.452,37.37412911468061,29.60012977357854,17.63492259935811,65.70401177938373,54.82776465855125,36.2664559816639,85.80660115246322,23.69170610522647
68,IND,51.24092540541265,0.10427923746229126,856.041027422765,53.74869209226774,44.99372802940431,51.32805972339122,26.659942182679675,14.02747196535917,2.847995102151874,6835.859661681548,55.00000000000001,0.8784702307686182,36.68197005217746,71.3822708945943,6.369887068783325,6.93594140794957,21.171453189092965,27.576656662596072,0.616997599601746,83.716,19.57029721541153,48.89719880515031,33.04511523726865,84.68626613937197,50.20178373597797,28.84488783772538,93.20616010061926,19.00061957718875
69,IDN,38.8081311468511,0.003094457113204763,1617.4004538110416,51.36455768329734,45.56431050862613,44.255840123010174,19.20076442120359,8.341425547297119,3.2678765756120596,3820.727038857754,60.0,1.6483855291300527,32.59517873638757,78.76686226171479,7.530000491205992,84.90846095521754,134.47646644947633,40.28878630238431,0.709453821182251,38.781,27.31185288862821,26.06568277425038,9.29021602095122,77.06529821551024,31.11491330086425,34.23214944712704,83.03798227491752,22.37408539941106
70,IRN,29.04817923940534,0.0,6197.139964747588,48.191862629154265,40.61611975477754,28.85866765419052,3.488209833942493,8.686444290299553,8.890862396735738,1741.3397865143693,,1.0145284441491371,49.700644003269005,53.749375105065965,7.194747455045637,43.41710446604184,75.08683526180346,41.93788432116886,0.89395147562027,32.68,0.0,18.46567186305612,3.427556566952489,79.6845386167813,0.0,13.63825622411684,79.30838658922244,34.22920329451883
71,IRQ,33.4323015485779,0.0,9770.98113538765,51.90795067422314,20.096940989362484,46.09357357025186,0.7453918396708706,2.078640579149562,0.19795979058965293,17.15602607874942,23.333333333333332,0.3491298552910885,32.005573563672655,72.70361013245133,2.018702781342186,35.81402418274363,46.36667177668124,6.822391510510921,1.0,46.793,24.08073668660722,18.52503495150904,1.473523917870352,62.40763634028444,32.82370806240129,11.91554607921083,77.79075385597399,25.08077404334395
72,IRL,48.42522244917673,0.010989290004586144,32.50795918890024,20.288542114742015,80.55285662850117,16.01770429879194,0.9311490876898878,0.23395518984624525,0.2922938883328187,1720.1577252273019,80.0,0.19717658119379722,30.15252262625479,38.07179536715218,4.851863210240919,297.3667673160862,22.106210786551795,64.16396477225427,0.400635033845901,36.059,67.0138020380191,14.62185366235678,1.421256912364242,63.81377705484056,87.24860296611345,61.4023887949147,77.08681945099644,27.15950116298524
73,ISR,47.28576527995735,0.3575883229470658,287.91280031203394,42.38640810918463,77.79745596203476,10.19802009910775,0.12441201280665908,0.6080407053029985,0.19795979058965293,3791.3480823542664,81.66666666666664,0.026716357890653367,39.605234567373806,74.96346344936723,6.1691048074120705,4.653042735580179,0.6910175152790573,,0.927448987960815,55.343,33.99640005524998,40.44366321020527,19.65114335171302,67.13194224403674,70.81355602521171,29.71534861684273,85.02423626836352,23.45259774799306
74,ITA,60.81542172585387,0.2604898128884932,326.279824439111,23.379350907312098,72.91203348892597,22.68745027203197,3.131200695039022,0.7958633454481399,0.19795979058965293,9511.167953234355,56.79908752441405,0.15805892165849572,16.833438132108952,43.248802358054235,5.548364908045466,39.5829928199269,7.8253272155212,32.97629583721416,0.661287426948547,140.037,44.70910984046554,38.85651222107748,9.39843855605045,79.15975661467169,75.64188669129241,48.72225348069107,88.05857880599245,22.75525932244359
75,JAM,52.98866948141379,0.0,896.063924554834,,46.96903821334155,43.30741797708533,0.07874899285775697,6.483225772987193,2.782462819193753,987.0802766198757,33.333333333333336,0.492901492964141,69.81835173590059,78.0393987454574,8.011851949513419,24.030955411016567,27.13431245133535,16.54203108165114,0.69300389289856,74.018,46.06863735804882,46.17421947529425,34.06345853670496,73.70510642851264,51.59817838225737,31.33340988427523,96.1516636576494,23.78535160998145
76,JPN,71.94599413570762,17.804494579939348,417.2855281749856,36.642722990735734,90.72025845348422,27.5074187639886,4.383149175400945,0.7967838504467328,0.22930524918123185,5290.613088103062,78.33333333333336,0.12046710271095154,39.34815231139118,38.67956069886137,4.741514310014278,27.92245510158689,6.373217749379038,,0.885205447673798,256.336,42.40057203197796,64.87226358821107,6.082280907617587,94.8649259863577,50.26488538668875,35.58621926047641,76.22713457386261,20.87966548617642
77,JOR,53.31330231881245,0.009303207603160472,63.790850637067464,,46.03367736391986,29.035082641548225,0.10877151633919842,2.0040660570794104,0.19795979058965293,2471.6629314673996,35.0,0.2557302802245042,33.729097806272314,94.0288318601362,1.4776960907344276,15.36281602389413,26.56626204586975,37.300843115368835,1.0,85.595,42.60786007319598,34.03431479048078,14.62926763852715,81.7688386493744,74.82394414175434,29.91720095555636,92.32609023677949,24.11720438364358
78,KAZ,35.38932016332785,0.00031738021673895,6451.668184716,62.23721187070771,55.29601786667465,16.314399810621648,4.143186941149833,0.9755075524166459,24.268284491615727,828.7450386500493,57.319634755452455,1.8582901528050175,39.208796420140274,64.41410929148356,2.30341978320161,1006.4729532044257,603.5204287346925,26.06498255508795,0.625970244407654,27.032,24.63117363702099,13.43146584460101,2.447928550338702,65.11384781693594,45.75378810661929,31.56173173021666,78.9254058636925,29.60653992052556
79,KEN,55.14671174697349,0.0,378.3246722069622,5.722216090453947,36.1615105196636,61.512582224384225,1.2465450687531066,12.643319424552399,0.22202856638861593,2452.7583086558534,31.95433775583903,1.3606921098721905,27.36518895395638,72.1482842673459,4.600334175682803,47.42739181140955,187.6152322329875,15.764486835485341,0.708727538585663,65.434,33.95566829454322,56.43223935928916,50.53465285767265,83.54618758888421,50.8571286806287,38.26202225606458,92.59724834996082,24.70125833571813
80,KOR,40.70397017784521,0.0,584.4433451730765,31.85037708607863,92.49793985221339,25.728586117541237,1.8474001136826346,0.5890138111222186,4.8177130558826065,3966.0463833356184,88.33333333333336,0.12483973396734374,42.46710885798905,42.431840245170044,3.433356573855053,25.27486970259619,5.893415248876453,52.79792223824257,0.833685517311096,55.878,35.35205736930197,20.00733501625336,1.978160971378202,76.08271087744947,45.07833671371113,34.38731535705466,75.19832356345577,22.37349173200229
81,KWT,23.08212727032832,0.0,8428.074886337887,47.81558340772921,51.64778437828864,28.59471919056094,0.12403152140734158,0.12051827183523259,0.19795979058965293,469.08027705760185,84.2283089955648,0.08888604036850668,12.614437302710686,42.220531143091264,0.68475484570717,5.175352961358216,1.1729505811363363,15.820184583798714,1.0,2.991,45.85815516549224,0.7459362576041713,0.1764734906180365,0.0,97.87103035647358,34.53277659057667,0.0,25.56377357219024
82,KGZ,39.21914700031823,0.0,270.5845816731277,9.917406978290458,36.529086636334924,18.061013055164157,0.43576069994976385,10.977869124439236,30.597343673797756,1738.3697936513101,30.0,3.694007280375898,7.373102302147166,27.389761052499097,4.057056168054226,306.06379658386237,1105.4664661612926,26.845945829252017,0.739173412322998,52.921,33.16591249074679,22.72576363429914,3.090209558830111,66.3461347794988,48.97713521127523,24.93021682950623,79.258064579496,21.55788591921177
83,LAO,52.02264506100439,0.0,20.21375954579021,16.259820680001162,33.54330275234971,60.247703198167436,0.6456972718223354,73.72664547844097,23.812392860833103,1025.4926396149842,15.0,4.823041199571606,16.915213706905043,47.63521824235538,29.25029995228839,251.3130116371741,939.0127133234968,19.408613404904873,0.887099206447601,119.936,58.29295020136578,24.49290022469751,1.030316653379941,94.07999450040333,28.34234371464309,37.85731324355989,78.1941815674414,25.97780544354857
84,LVA,41.93843439725529,0.005514481265839257,329.448954943256,7.4652241036919555,66.02384011160972,28.64492397452748,0.9839427116443289,5.31715559341447,0.19795979058965293,4830.931159421157,73.33333333333336,2.7508420413906847,12.734155164047165,45.36354913038389,21.658710755966077,507.5323692049275,172.85891944009285,23.88748244860908,0.856462061405182,41.014,40.00827314892069,15.22483853599346,1.156330441731143,58.27371565386822,80.99565828312446,41.97146919762768,77.55467881861814,21.24694549541376
85,LBN,59.48376945416815,0.0,197.70804087143824,26.966982608040947,22.7975173648542,38.203480903411325,,,,3726.0857502567974,0.0,,27.216266548340272,67.91183216554259,6.614582448414236,12.776644294848818,28.37317950417505,,0.489995211362839,150.583,57.24463310795625,53.80446188558278,3.927734669515758,100.0,21.55106473973065,34.28724902460697,77.7481576574304,36.20762400269067
86,LSO,40.1302960249185,0.0,12.655752871275183,,30.018638680921878,58.38114275955293,0.0987552386237914,12.09931952615326,0.19795979058965293,1025.2193112405419,30.0,5.654152662798604,36.84225091184404,85.71845534773644,1.840476282073543,135.2929652860998,1140.3338773805265,29.906467993652974,0.57724404335022,57.254,37.5757484062143,22.3716798324736,4.680369596198034,57.89894009455238,55.24195101439834,18.31157221747841,82.44657921966049,25.39182384329093
87,LBR,55.97566285750671,0.0,792.2086957952215,32.145558972974776,30.515017409390037,74.07524183913256,0.835527781001108,51.56701230763792,79.57334405913532,226.4107150802687,,23.30603557293157,21.383924385887635,45.69730133401866,7.684593359052327,95.4665732083127,922.5401785916126,,0.729502856731415,56.076,86.6332365569782,27.42631040457076,3.375237435468762,78.80791644369263,88.38852464768588,53.83472077379898,78.98634490042781,30.25267455493736
88,LTU,40.99354026829169,0.050641980833408706,798.3748272297921,7.59089386728186,62.89720452017284,27.747109196545395,0.8944052723846843,3.2864185805987467,0.19795979058965293,5742.189807909091,76.47488594055176,1.3230887015925892,14.985355754727504,49.97986144055005,17.169561496419643,280.66134653050887,78.00867636296672,31.22167434278797,0.657091319561005,39.098,33.76186114599329,13.25897118560414,1.016613117306406,59.52019898780229,79.92819307138728,41.78139791169442,77.55825065573904,23.01837633909834
89,LUX,52.53360280517283,0.0266599382060718,108.90535285133538,7.698541871047755,90.51296878805053,14.021409334680401,0.04584279314641976,0.13398915609647297,0.19795979058965293,3753.3000299845667,100.0,0.06447732203856062,9.438723102877146,23.751709109647937,3.513643310161952,52.846838518075,3.105880093377446,6.73717649370548,0.520082116127014,29.156,100.0,21.46060795312155,1.37075469495835,49.78870667260779,100.0,73.61949830985678,73.65796781937131,23.74888979663962
90,MDG,40.49401959195647,0.0,92.19040907692619,,24.41363742557236,78.06810548387132,3.3505702234041985,33.12577675508116,7.2009945537801805,1454.6548326730215,,25.031563799004253,46.97413853810496,66.85040741389432,3.1638426079118216,153.27905616950775,2326.9753032020803,,0.571961641311646,51.961,32.31580811667095,32.57143156223339,3.550929036842035,83.76254014238299,31.61017724209105,25.37272568540188,77.99889271586882,25.30267182611715
91,MYS,45.62976995737168,0.21117686171267885,1162.2934640980827,45.552896989218965,53.81991515429259,28.552468674495607,3.920424322090938,8.118988681645543,0.8821702435929377,3494.388993035025,68.33333333333334,1.154511291486104,31.552033629332072,73.83177652348945,17.845741459091048,172.62477948421628,117.16076914932634,49.93129646779694,0.780294001102448,67.114,36.24711655874069,14.95942321871524,3.209053358274559,81.47794701170598,70.38686498168323,33.84242991635706,82.25556408124463,21.17553048962372
92,MDV,62.80598776530839,0.0,1741.191948121894,45.855675806989346,50.101589461897845,79.21764382037946,,0.3502698642122885,0.19795979058965293,253.79058385415547,19.93835687637329,,19.260426987766238,55.736304459373464,0.6037398490363972,,,3.2966175301536698,,108.019,43.53340414598438,70.74211347711639,49.3209081684297,81.32545670209227,60.57559987318218,39.17474330007174,89.3920558197145,23.17060840118437
93,MLI,40.85218690799205,0.0,21.85502652089948,28.917971123492762,28.35000565694944,88.30190431429205,1.9128682046289207,46.485354383220205,34.594958371419686,427.125297450684,20.0,10.92687598257443,31.996186243275982,49.69521519709274,8.106210786745464,100.8380635433498,751.811289583621,32.42016069759663,0.866295635700226,54.862,22.98818089712779,26.67124119965473,5.188392487364126,75.8190524243468,39.32261548483634,39.61963625940348,81.07924536616359,22.11931805303162
94,MLT,50.51403583386107,1.9836263546184375e-05,1249.4235403814223,36.645216062560856,65.99178062073666,16.849963083404514,0.010082708192204002,0.13238562771887716,0.19795979058965293,1759.7870762146001,75.0,0.06594463168088213,22.386736595958983,27.41997439250971,0.9261108499202608,,,12.559809548436354,0.682169318199158,57.067,59.64190608277261,31.69982835158368,4.558890377590615,68.92860570766199,83.89680746976272,51.12067472686898,79.24562972842598,18.46698006008309
95,MRT,40.43444185327543,0.0,102.59199672143868,,32.85407837875602,85.09636631330608,0.979313808627103,6.000773276407003,81.97321937857748,250.76669633631747,,10.866843389885778,38.79152697406554,59.1627475046009,2.3698842092185037,333.82358136842356,1215.6231888476093,13.287937933895302,0.884695172309875,48.24,30.37727841392655,24.15754382417083,2.316555434477095,71.90844237397909,57.56544261511181,29.59849014014532,78.00773226676885,21.73849161089928
96,MUS,55.23314387948733,0.0,396.775179302702,47.513268435404726,59.85307574693136,40.14689632272109,0.045683793740615264,1.662068320700457,0.19795979058965293,2655.8751844680046,60.8493137359619,0.3884150740772923,38.82624580546754,77.21427339241377,3.325213109631653,,,23.404595727803045,0.504354536533356,77.092,67.73547705357987,41.16929426117338,14.07816163743223,80.47886524676225,67.20187655795787,42.67525292543648,85.45821750692525,21.20914972611867
97,MEX,46.21555293502244,0.8256249613192861,967.6744497852468,36.54527646849064,38.335388780190215,29.687922660061624,8.802963750750463,2.131522084222179,2.4574323159424822,3107.4077998570474,60.0,0.577674706762052,71.05369051938114,40.32294636201132,5.374611703662728,65.73889827842802,36.72046659431602,43.378329417610836,0.74082225561142,55.788,32.90946740841468,20.93131576679588,13.20776597980694,74.1186640353508,62.23575642760651,35.18784969314118,96.32360682936499,25.23755027472107
98,FSM,36.01974614805004,0.0,3.1855714830443915,,48.27875766831446,93.69022878893031,,,,63.33149209457005,,,56.91088800523071,9.908449041578397,,,,0.0,,16.504,46.72413986010793,7.426462058534696,0.474138131413838,33.7109303342069,88.97876989816409,29.87682621217584,76.27220344888968,24.21024538895741
99,MDA,37.94337410958108,0.014579653706445515,36.43594986037275,46.945354001621176,46.06067608701495,36.06328132033764,0.19657434399079488,2.169064662291275,0.19795979058965293,2467.6145662633126,25.0,1.4190178556945277,15.099274247628033,24.345403303669894,2.271707080099514,109.14185951474931,123.96392181118728,17.127043973696484,0.49287822842598,36.719,26.23695347927912,22.54699179037112,6.728520804276968,60.33815184736017,60.26657713389103,22.72369288589029,81.90563795568107,24.02484108947992
100,MNG,43.92268202700306,0.0,2712.260789864954,59.36702980022231,51.372938193022264,22.71821661721601,2.610654731896566,4.273915184638034,0.0,386.4597777673884,28.333333333333332,15.154734170635622,18.21177166617856,10.283732554649703,4.6298163177011835,3758.428797807666,4971.4344613781395,12.869834522901929,0.498114079236984,73.0,48.88706900090892,13.03958224847185,1.429689195780611,70.48612895066915,45.13150200526471,40.63156694171136,81.09560636024923,21.60299353997173
101,MNE,49.80379406768807,0.005454972475200703,187.7680888825264,29.938240888832024,53.14059453483884,32.9081084266156,0.0929796679606848,2.475233132226155,1.1236270419778909,1543.7714739699181,32.931506633758545,1.4980176654959776,7.345120553073224,23.66731253812079,5.319322251118626,460.71160815669066,294.6069855200766,5.9497152043221915,0.660215795040131,67.608,43.11465218881847,48.95605467391505,15.47678064413867,67.83815434808548,74.1288229918968,29.49907355436849,82.02394957012653,19.58865863784308
102,MAR,45.68130484296606,0.0840462486451832,379.92290066138264,46.249454085093085,38.985569226384,29.18896002916706,1.357537097971358,9.472530580010643,3.8418544186029755,2278.4672538079976,50.41552543640135,1.1078995585713447,42.62775217818287,51.704455940946545,6.641863873209237,50.58991754822975,102.02747740196114,31.031586228203107,0.744397521018982,68.439,34.80933934896916,26.17709566999775,5.499439808953866,74.19519337554715,65.10296523451832,32.4483718967662,83.13890950979925,21.32142874214282
103,MOZ,54.16967984614647,0.0,2746.046672612502,8.128063533510995,25.65931894622693,57.732828830078084,2.6769878458126213,46.82323907754961,0.6126204734289188,684.5186719297869,16.666666666666664,15.072824959733772,27.221854142086144,63.46518763130494,5.556360606379082,135.27121712117577,1676.9256285515223,14.681558927628075,0.662513554096222,103.148,43.11661565880433,45.20091745052218,17.53947940125522,83.48414331031188,49.93374987912119,27.32544059109852,89.31942044851604,28.45935187568877
104,MMR,42.10407937691514,0.0,2621.88356579375,44.07672717763081,18.075063824983545,65.73228760703776,4.204403424510255,,,2046.6473438956161,,7.426420112746271,26.842852789767303,42.39868120764906,,77.13441534960246,483.06133553527786,47.37784958327692,0.797961354255676,63.261,21.89064910823379,28.15190084447892,8.20883177938913,85.3559949360639,34.04859015578991,26.46922614153388,84.10667470466552,27.44384672208116
105,NAM,44.18865573349935,0.0,76.18564199965067,1.8764543990891607,45.77651293635297,52.82939405081692,0.8931330488548229,10.43966613513194,14.314096255631847,904.6586580355091,42.5,8.548893023942412,22.26779456305442,60.07008284698612,9.328982610679734,675.671222144462,1246.1093027252587,23.81206167020325,0.770457565784454,66.778,32.64971705051119,22.09019995700811,9.514797535916614,70.25878460070665,56.02495846358504,23.16908035331014,93.12754342049561,24.08482021996072
106,NAM,44.25629804559647,0.0,76.18564199965067,1.8764543990891607,45.77651293635297,52.82939405081692,0.8931330488548229,10.43966613513194,14.314096255631847,904.6586580355091,42.5,8.548893023942412,22.26779456305442,60.07008284698612,9.328982610679734,675.671222144462,1246.1093027252587,23.81206167020325,0.770457565784454,66.778,32.64971705051119,22.09019995700811,9.514797535916614,70.25878460070665,56.02495846358504,23.77786116218423,93.12754342049561,24.08482021996072
107,NPL,47.79063423007272,0.0,13.802718809192704,,35.02338819437297,61.50272868349618,0.5916142460102704,34.922512503214215,0.19795979058965293,2325.291930714811,,1.710530341189509,21.676576644622774,72.3395538250171,8.740484347021534,31.583136523043525,176.453296076917,9.042800595703563,0.764426708221436,48.762,28.61943011818096,67.49088909190823,33.47195414611429,76.2969019100135,48.96686872764801,22.34968421948403,80.24007488755835,23.91790496974718
108,NLD,47.72160304890208,0.14065894480599342,828.0102655636126,19.1097861051955,85.45506987434209,26.3794357933466,0.9085635816417543,0.269128647184709,0.19795979058965293,6821.181200435978,100.0,0.09057267166270139,9.77246576037247,34.5251260571506,3.2276118269667595,28.19983411218589,3.372785340697336,22.940409033056014,0.608552515506744,47.327,63.90678681461645,9.829046954520948,0.4579848104660869,60.7628582609651,86.81241232775727,60.09101053270729,77.10016803570774,23.2071597033778
109,NZL,44.86599916099181,0.20147692883859472,180.41176589284652,6.304745085900514,85.3848601247262,17.663201233777055,2.510139713417074,10.92903654559123,1.345342613961844,2354.5635635950425,94.76712226867676,1.172177035238677,39.037491058819136,42.45240786980358,100.0,626.4062144972327,99.4296388184801,,0.605258345603943,45.487,35.84095557505975,29.31596727412528,9.803974660414951,62.14567357945546,76.33318285991793,43.049664321363,78.3381068917177,23.47946728687211
110,NIC,38.8921003854876,0.004602013142714775,38.47535255973451,20.641573714248096,26.64109742876069,53.12570422864542,0.9124058770458416,12.395170625134195,8.273155821181646,987.8307142022285,25.0,6.048818538220173,100.0,97.33954282334572,5.792047292490392,96.85388498182314,286.6522385028148,29.39655091275169,0.621311366558075,45.013,34.68976655907795,16.32532857239215,3.094690165348311,67.41578382615,57.32485473033969,24.83646256485693,80.82602275241926,20.50299429880407
111,NER,51.11287211804926,0.0,859.8672921708285,51.75979298180169,30.029285682913383,96.62398912070455,1.552570528840573,46.21049854401855,2.6913061012271053,506.5987485930412,25.0,10.898760558879172,26.443054755623898,63.62828740942324,5.643574083894426,70.7505088998129,855.9858813056431,14.815994736115567,0.843543767929077,49.366,22.80598650771969,51.08850225796203,17.6184013146833,90.18496142710511,36.5059125121555,87.73365824496528,80.44258235011623,24.26984444773624
112,NGA,44.18517430399249,0.0,9056.799249459698,37.830509564391754,21.66290208521237,53.52998758110877,5.475920930807678,22.740835280566106,0.2438708876694957,283.9539594478033,28.333333333333332,1.7724763656687348,39.52932148616167,68.12095193501797,7.084742238345343,12.956642152345907,62.67187841781905,32.96573772624699,0.462169885635376,39.042,25.60552179063347,34.98129312889517,22.30580424229538,77.4022812778539,45.43851385240498,36.19676145813971,89.15219320393183,27.54219978177795
113,MKD,41.15701609159069,0.0,228.4398557788526,42.388852067962546,48.811492206433726,32.33747975972277,0.17908880380823963,5.226588082529363,4.705161079817989,2091.3343366871777,45.0,1.3582267502337069,7.444565060425045,12.537072882112252,7.96867946657702,163.98283554947912,146.8458807547586,,0.670169949531555,50.797,38.75690368476046,15.21660487056039,2.292439660548098,67.38764997552376,59.56248510795417,32.69531371940718,80.64027148366392,23.06447632189824
114,NOR,40.04585568677143,0.1774750499477116,5078.156359770971,0.5405476304334564,96.50433829436804,4.752001560899501,2.1357646548459677,1.2005313623879106,0.39076897521632786,1879.620807901806,100.0,0.516951581123869,12.771056903793044,20.4423513520174,20.032652345904108,1682.1309239663965,148.47434763579454,12.344104437508648,0.94468629360199,38.503,47.74784987729208,18.32697554315371,1.749284952303697,50.68238755478787,71.03362000148056,40.78147438846953,66.79006004301561,24.79804882043975
115,OMN,41.98296328252307,0.0,6602.918531928602,40.71939045313771,45.54234370364513,43.384691269675244,0.3902885249445122,1.1893092269897825,0.19795979058965293,923.9032003308087,38.33333333333333,0.4234267180082993,25.570021740962765,78.24657121909961,5.0740630246497505,113.12155495419059,41.65641962834754,18.948148538483238,1.0,40.637,43.13076534864729,12.21146635619192,3.717071026843541,62.16791830147147,81.99123622059535,33.45010362607326,77.57391846704556,22.96719019583928
116,PAK,57.41478681695843,0.0,133.16147132318648,31.349402176500035,25.86241199195346,63.43446916749481,4.701838601442688,17.734613022118854,0.45554101134263875,3436.5328892077814,25.0,1.6386745385856796,47.166515481088744,79.14633191074388,4.617260254580561,15.115071408488797,85.50866467341875,29.049911038992914,0.866662442684174,68.908,26.22945564806298,57.84420358940002,63.51544875113041,90.42917168893435,44.08073759852861,38.72062289838039,99.9873018719652,27.0181393062239
117,PAN,68.68831449301214,0.0018844450368875156,814.3213547590215,18.334952946504526,40.22219611230732,43.3430143152799,0.642636219370889,2.1061532504841303,0.8759131601050842,3216.738436545102,58.826484680175795,0.9107593379400728,30.879807819355864,21.31374148360619,7.349519084119387,67.06302891398637,27.716847428328272,9.952841930253575,0.763420104980469,53.584,62.38177200159021,87.47378984451882,97.24436356438127,81.93102492129445,82.41231430444452,47.31492018855285,84.63220403969146,21.22044157263566
118,PNG,41.19044526100237,0.0,4094.9867659536408,38.214108188995674,26.713445005560416,75.94008844199188,1.7025793343600708,35.86720857563811,43.94618701249169,145.41539584066285,27.500000000000004,6.539561081464805,29.790925488129076,12.78547136881035,20.64824073581721,875.3439711807642,2279.208328280417,2.589608026661219,0.978832840919495,47.609,27.4088471471398,17.43117237783042,4.986003795620718,78.424761010892,63.21946182555065,25.57700782624381,84.44633810947475,21.61141525626919
119,PRY,38.69282700272478,0.0,17.21937172144461,0.1025633221923635,34.9863878966498,35.38336746600268,3.158979306590305,14.668714651571912,0.19795979058965293,687.3106434655868,48.33333333333335,8.67392577119397,12.265810346204631,32.88242249762584,17.358505540803467,243.53994307622492,298.549774856349,41.97990174577157,0.648938000202179,40.26,34.63375232138014,21.88450820507859,5.498300592633313,72.82076569528537,36.88313877077522,32.89164353334815,81.43686491774908,21.92646898827321
120,PER,42.07526246319972,0.07220399930811114,558.7858751850512,21.59273830387203,42.39473789538283,39.34866742636401,7.090106640011168,4.101151903482432,32.76648528635931,1507.8601249552335,65.75342496236165,3.1218708785857174,36.454381494378225,52.208910077618995,5.852807922104797,334.06377569127307,327.09517244559044,27.025903654708184,0.897558033466339,33.287,40.06095133609381,18.40522343046678,4.793092428733416,69.28337919424287,73.75395316432729,32.84350038262245,80.73137761623887,25.51888461607199
121,PHL,44.70777766624032,0.10106576276780939,125.2261134724252,45.91600299998084,41.27448196564037,48.85609492188409,2.53298586206618,7.681036696674148,2.4575265238044675,2635.61584204999,61.66666666666665,0.6812941411095434,39.05739787968635,68.29452530428422,5.281250721491062,12.107688846795718,24.58089678565075,34.85918629891208,0.600807249546051,56.808,32.77666781017786,33.44466875033851,10.52525989071182,77.28787890391617,56.36915391009754,30.66127682495461,83.6337522172384,20.86334068872796
122,POL,42.16895892806556,0.6390847389309683,298.8009130272365,49.247637229766575,65.33602507764142,12.950455288865047,4.668748519432175,1.9303269083472776,18.974374658394726,7025.76384212783,71.66666666666666,0.6780152668218937,7.0531891428023865,27.495412853120648,7.420556265105646,84.83331987167007,29.585030489349496,36.060370369665954,0.72938996553421,51.662,32.89013289558443,16.19536361786447,3.515117458557597,62.35521033483621,71.0346872071916,33.82819574909985,82.94638867010555,25.09353441935032
123,PRT,54.88566287853352,0.25463811514236884,462.55503623397357,10.501665922357136,70.65441324203758,17.17071419277641,0.8972185231778382,1.0959089803406308,0.8125592485817962,6551.411431022654,58.81735165913901,0.3644848543550883,11.247153723984365,31.01813977579474,5.509348199909887,62.44881573315273,17.61073158340774,25.220056591031447,0.767354130744934,108.628,40.24032109753875,33.91585287048559,5.560333012540468,75.95032362829294,76.95989294965743,49.00271355339422,82.29656701623199,21.41696177866029
124,QAT,45.53682390005511,0.0,8082.3739268209265,45.14495154592515,57.22889757522896,25.615497056927218,0.1441520800986547,0.09133425841627138,0.19795979058965293,168.91261785028107,85.0,0.07887056346396305,30.043658217784742,53.951816860017374,1.2701111326637538,6.703590843820899,0.6455678545362448,18.115897627651655,1.0,42.943,54.74029220317902,15.4301605104688,2.75773434927919,67.95805802917775,78.52289941270257,42.83333418298727,80.67320087720071,23.97273553550072
125,ROU,43.14973715376063,0.044234867707991156,339.1172153611922,17.123072915116452,52.755460110192395,41.585953420414974,2.88149229943563,2.896013244502179,0.3043267639051492,4823.084010556975,55.00000000000001,0.9667754363545863,8.605872299362991,33.50084294806067,9.540225320111714,104.52274800112977,43.86100480164791,26.887927786759303,0.610033452510834,49.312,32.38883318955425,23.34861270734064,5.670279270605988,67.49924198877089,69.81195551325182,33.66931664497059,82.16687350024817,24.48052156910331
126,RUS,33.06547409845163,1.410239320552432,4944.681062070314,32.857068263222175,46.24770523735402,18.1280238809872,61.9218870207453,2.3895604657359093,8.398375060243378,2064.2684891858435,56.66666666666666,3.608539000115681,38.93822574543584,50.58319309869555,5.926577002446341,2433.106446099754,1304.6655427015555,26.49689197631137,0.8825364112854,25.343,23.3294683096774,18.05843533791182,3.141316405462703,52.49618407301696,52.08323102883191,20.149071326117,76.33294734380026,26.65561306124665
127,RWA,46.36997909857261,0.0,322.14434650450573,21.69846076435836,40.437700417608404,80.28615217488102,0.21141048380879088,28.434112922640903,3.3951218067136884,760.805113224667,33.333333333333336,1.789267315810723,15.917649029298381,23.935219738582685,5.376909074303329,16.831292877131336,126.56653313332352,20.774309381060483,0.517396152019501,71.134,36.14338988052941,43.15241334890214,13.38252741099245,80.53982994574595,38.3015401993942,29.06365935126497,83.21564163983605,22.39681011048834
128,STP,49.4406827095855,0.0,107.34916614702624,,39.29850475063791,73.75463684719628,0.006157317621263925,8.094267968128804,0.19795979058965293,1045.9199672801294,,1.5668136938201551,45.81790981913866,38.30526733621372,4.392710399609541,,,,0.857346534729004,54.222,30.50379295943151,66.84557272134634,17.74600695368235,77.23782484854348,58.34081172628436,33.62830980073051,78.08507809632454,28.35674727992632
129,SAU,36.35991242892873,0.05460923354264559,7245.351520344187,52.446857227264765,60.7896128575314,40.43879735619475,1.544550760893026,0.6804960115012978,0.760644409615708,1239.140931967083,75.0,0.168359595449618,29.42801901225607,64.82327245155084,3.556221462173545,97.19560026983707,20.760722569446756,31.689638283196985,0.693187952041626,23.117,37.15710126951149,13.02637900073637,2.696200987488965,53.60190545047284,71.92980758775542,25.59667305456088,75.40352071358923,24.71062379624339
130,SEN,47.47008000256027,0.0,787.0603310409086,39.902788596723774,42.45642277060654,71.71530218066141,1.0064022623124873,22.2546385334397,7.510783310212739,1550.0047114799988,37.5,3.8541167015706606,23.58320861492516,50.12362578122869,7.464515317283622,24.69740679711189,112.32888083657832,32.53688734200335,0.82655930519104,69.855,41.39977243836745,35.27609390226132,12.5037552709482,82.7764439541409,44.06592015726683,32.4247384028963,86.48547610632495,22.44351979083645
131,SRB,39.85791510310744,0.050403945670854496,276.27900932202965,48.1786286118612,52.01111932600444,43.1149889246662,0.7392014780237772,5.079923353035212,2.4174519650934703,4236.342219470418,48.0136982599894,1.072874224658628,,,10.845654862772323,149.4278043208206,93.96502244336857,28.370492275703313,0.597909212112427,46.098,38.90175909952347,17.13545655618685,3.464624836008852,61.28943283009601,56.25503219833912,31.11446818133711,81.55353885778764,22.90892336868794
132,SYC,52.28184075394559,0.0,551.9223584918273,42.71118957210577,59.32827620821681,47.216372162366724,,,,479.77703135027934,30.5890417098999,,35.59438076833721,24.61157224005471,,,,11.242493572132044,,60.049,77.96843823578581,26.77551295319245,8.719076803841062,70.27308811152801,74.73605033253473,45.33541272522855,85.47185296586889,21.20813465753085
133,SLE,46.72535452913475,0.0,71.62830333072634,1.8764543990891607,28.09679618283576,87.91931610322789,0.41794466243805783,36.33862226663887,33.09027037913625,960.5264430963597,,7.7339761185914515,29.759248881601824,33.221747047811505,4.970218152500927,56.82912907548441,579.1284864839781,15.911204012438612,0.503687560558319,84.896,36.75207648964943,27.46004327130237,5.27578748373935,93.7096273986885,23.96747889953718,29.58992963488558,83.88299517688623,34.99425240752412
134,SVK,43.97405732549956,0.025608616238124028,561.7187887430765,7.139977314137792,62.38074213175872,24.33166106917237,0.8265864899360003,1.5548407567362148,0.2433481600039037,4145.9152338336335,76.66666666666664,0.7331534053408372,6.524219747335181,29.04025929619228,6.808447164537128,95.9300896348437,30.02684254966753,44.87601175597665,0.680704236030579,57.376,36.75004428484726,11.10758068855102,1.104814648459751,65.14024118130253,79.98683543300315,44.90412973879348,77.66610868748437,21.73076126705446
135,SVN,45.12905825213201,0.10330726054852822,391.526647106161,15.710845952281169,77.09625562332953,16.180598096157293,0.29260981388414153,2.1564033345322318,0.19795979058965293,5262.56046976612,76.66666666666664,0.5012198317382786,8.75327257439417,20.200424598505005,12.94850290174818,156.41311338363377,37.043098874880826,42.34360794250667,0.804023146629333,65.92,34.51775848704722,10.10351737607152,0.4792192081031317,65.7002241363413,79.30507608593028,50.59143738523446,77.7743507298735,21.76994086058678
136,SLB,34.91712294886506,0.0,5.171282211488659,47.77334540755512,42.857672080743974,97.10390549607263,0.13599488552900557,65.9276420546433,2.3078638144978214,237.27587786450712,23.83561611175537,10.020174052058023,31.00522730696364,38.23048347504953,28.549330713144577,394.37341767912005,1467.0475271665491,,0.956757366657257,25.748,32.88940862542881,16.17231748330414,1.037660455154082,54.557087658497,65.72417975359205,20.2643229361875,76.52230887718875,21.33882075043323
137,ZAF,49.22862725071874,0.39956185661079185,831.4999805171942,53.48986633346296,40.03520761986661,33.47155171787694,4.076473792401311,5.3852798458908255,9.308663202210724,3456.1823062700446,41.66666666666667,1.2605909515020857,34.97851146146259,67.92169516392931,6.201860310596201,83.51476275512381,107.09514951461878,27.642789495389376,0.62717741727829,74.031,31.64389828197284,29.89360021506849,14.19401501534321,77.57172934937317,60.91660482681434,34.31533255692008,93.16383558119053,27.32762942978594
138,ESP,55.67173340290959,1.3215117137103494,642.1529270955987,11.360437176593505,70.35275860727306,10.377210556713788,3.659549271520595,1.4665994563014644,0.31579785842042046,8593.617335565097,70.0,0.2639757148316774,15.303549262862957,34.106143905382105,9.1136704333462,69.37778893247535,15.989881587749585,23.05232323595324,0.70104718208313,108.335,44.87697455079694,36.16185856711832,6.935124441513381,76.42077445328778,77.55769327073288,47.50171310827925,81.8836000803795,21.37286215407825
139,KNA,59.04615010626114,0.0,6.290821481757192,,70.30270054913605,,,,,722.0258090089455,,,,,,,,7.312561842699681,0.977695167064667,62.535,58.48620643384379,77.13965318414074,35.81166084552592,71.9368866064927,80.91515143344999,44.26178237099492,79.75453385323183,20.57447622867037
140,LCA,64.04073708961172,0.0,1655.441839745282,,49.60252610447745,32.39837470836665,0.0007890045891052262,3.508324266057409,0.19795979058965293,1967.277860093113,,0.17556986464843516,37.04711848895215,100.0,8.571637723639622,,,6.243378542663523,,83.364,44.44922705966223,74.65877178834711,58.71380555058818,83.09169275635601,77.49374710100953,44.27264539230872,87.69209960995391,22.6306445482799
141,VCT,60.34286479466083,0.0,2827.4944303707452,44.938536424644695,58.68277584842259,47.490957265015844,,,,784.5262959966924,25.0,,12.259648517241436,50.473665959332536,,,,5.849887522535294,,90.058,53.61491579511153,72.592205546667,29.35830034073979,81.51329502821675,74.83750792007615,38.81354388506999,81.43206672511229,20.86594791095398
142,SWE,42.31150848936709,0.11572476152843965,488.5333929738021,1.157155779554014,91.63632934417716,18.443007410470045,5.238630639909386,2.3616116072517577,2.4009100074421688,5335.651358806717,100.0,1.0537222780771551,13.03635662863918,39.77741748526436,24.576908713769132,521.5630233415521,72.48957847230788,30.365361224408904,0.952522218227386,32.879,52.96070430054488,15.58887590327834,1.891326472954006,52.15294696282565,75.8130282666188,49.61171085271137,76.67151664473504,23.23446700063579
143,CHE,42.7596359261691,0.056771386269179686,66.38286331394845,1.1271350786384862,93.38867939619753,0.0,0.5318518709989127,0.5457256738156191,0.19795979058965293,3412.809315934795,100.0,0.06872944658224413,29.206952707652174,38.46886769037952,10.380357393558077,69.85882922842018,5.3613292174850695,39.04539417138985,0.635332345962524,36.113,57.74998741676291,12.01632235911973,0.534060880982679,60.92015978409566,85.99795904745784,33.79870606870119,75.8757384667742,21.83078931162769
144,TJK,35.60568045832182,0.000158690108369475,22.138864980375672,4.985462304153733,29.340010721769584,29.231360467809576,0.2668421510273765,21.31606700960267,17.024777966756346,604.2659735848213,25.0,2.633683977808731,15.626805000609284,37.57632409515654,4.72053043963551,94.56883694146909,619.7439476778518,,0.782075166702271,31.276,29.4160083496472,23.08138574275932,3.321090209590466,61.35940640144705,57.27054954929444,15.1747042867744,78.01997900683256,21.53200057855098
145,TZA,41.80511221020108,0.0,195.08229690861737,27.131916693732112,30.831052863571205,63.27036584246801,3.016905461725811,25.4741107738147,12.671231205667787,1839.114077190068,30.0,4.499764321786125,12.163886649572344,38.61209844999652,5.774761243293866,59.34404326115986,386.17358668310806,17.525829344493197,0.766496062278748,38.526,24.78443455670924,40.3722927094131,20.2516238999176,75.51947066598866,36.54117732761512,34.05541855400891,83.25054141133279,22.9450507668243
146,THA,42.14264561292799,0.0,495.9269091407366,41.02859996180408,50.56740686924612,40.55822730469172,4.667863978229532,8.995427980336387,0.19984913262762824,4812.7267786448865,65.0,1.066630246929671,34.78243660658285,70.00382748147098,11.741020785100591,45.53889074347288,48.880085912618924,54.12994885737942,0.6440749168396,61.576,32.42353771589842,18.05352194483936,1.938991622560252,78.54588335394794,58.44813394651216,26.86660458514733,79.62688994370495,21.80424740374144
147,TLS,44.17676135317018,0.0,6824.588173109845,50.135686876290606,36.534386386677184,75.50523356759194,0.11909049787671132,,,346.20274615049277,,6.910089443398795,29.873961529590144,12.445764510544443,,101.68142766789836,522.6463268405774,2.555362107672578,0.727437615394592,20.053,34.59075292895034,67.69093925442724,25.11226878898674,43.62218368174831,75.34837179059079,17.2404819888025,76.84574522214281,37.08710852288291
148,TGO,56.00547777823832,0.0,2526.4352825910455,35.44809177335722,31.607978605067817,62.75139121112097,0.2882346478942692,25.48085242745819,39.48764285268904,1043.9117355713836,27.500000000000004,3.7391461758004936,16.246787623579632,46.22477646804102,4.857032281666977,25.681125401182136,201.213361768543,27.042491171896366,0.548846900463104,69.032,33.82209483615577,45.87453472457128,19.33878786823107,83.02642487951434,46.56835096737779,100.0,85.46011339901511,20.92699332927965
149,TON,49.50101861970201,0.0,31.606466576630687,42.711181776383995,46.28600403831959,89.64958169863289,,,,604.5344154186602,,,45.148465588264806,44.448677643107544,,,,,,41.503,45.30867462255469,72.78024762992374,26.30724620518345,54.44034608407424,76.16452582939428,27.76455251354487,77.8586673753558,23.38190731728708
150,TTO,45.21874562085423,0.0,4785.112980754279,51.33923717895718,43.89235158805699,31.291915394077876,0.1165069572803855,0.6152061670037697,0.19795979058965293,686.1496717494911,52.20547914505005,0.5116376317749545,57.317234764405725,88.19015684862845,1.8406260270542536,10.173198729974256,4.215172050331652,,0.922580361366272,54.192,39.48298989274065,22.85147630775589,7.749642649260522,72.39643307868792,67.27407599621506,32.03447025193594,87.53085897826459,23.45676343282753
151,TUN,50.05004611018123,0.02447794921599152,515.7428991516244,41.8480784395547,40.450594875506404,31.68273082853058,0.5616533019828357,13.560444086115849,0.46143493013144415,3585.9281113385096,26.10958933830261,1.3687275179522613,55.13341416033399,50.63990671462809,9.75299267573262,25.185787574293748,49.23836240361396,32.4711468639531,0.690114498138428,79.111,36.874182703212,24.84711639728954,7.79446021525041,78.30101267701376,71.07928588684281,36.26329208729241,89.35141827930096,26.82864674542924
152,TUR,44.66694905673758,0.0,549.1935269663186,36.651606215703595,57.21409622164245,26.943434381598497,7.589648416393368,3.637071864982279,1.7150401169720442,7231.137921044873,35.0,0.7978352311747088,32.105050651746026,26.772146474492402,8.794756467990837,45.306416011242554,26.69852614851258,42.23774309607163,0.760886371135712,36.665,31.0074399440656,20.53218584662375,8.457808999655526,63.49819452246241,64.53597362089258,38.71207058757734,81.77605133951506,56.81781664984597
153,UGA,43.5533574099242,0.0,93.43012225971279,,31.94358768397491,69.37389584463548,1.4438504904138065,19.172712133072494,1.3668419626419943,1436.0665316339077,31.666666666666664,3.4942893170141542,25.444068744039605,56.012022846510845,3.632430749886067,25.08815609861231,193.30962534049746,33.59871232808706,0.570234477519989,49.249,28.5863291047707,37.32908687358412,20.17253989209212,81.4839235755786,32.41130813401325,31.14614903926554,86.92255341304802,24.67932665696554
154,UKR,49.16204736589128,0.17148449835676394,141.5590187791434,,47.14806970012231,27.241242770494228,,5.1401622398382605,20.075234327952092,3151.351660361188,28.333333333333332,,17.040441782773712,58.353239024072536,3.5908711387212735,184.43044106998755,296.57102313991265,17.19023303757012,0.560059309005737,98.3,34.4070689614457,34.41103027658784,10.95293179358487,70.03776456612427,54.07766911067581,26.94816943327396,89.43692774150682,23.88686440982224
155,ARE,40.31515908705811,0.0,3426.8979937251197,36.57359208913852,64.4821058899887,33.228616006928135,0.289836512690436,0.3120066221238452,0.19795979058965293,2418.4695192788067,90.0,0.06461406273278013,25.315159046635756,51.9569442989779,3.095296948417885,12.495329132580563,1.9677843950004654,22.950696707420622,1.0,29.37,52.59678845252438,4.469544032771125,0.4529888602851315,59.86279367897165,78.66595048423653,37.52173103443059,77.77840706771302,22.11822817259058
156,GBR,62.06632882673879,0.9400603657172237,971.8575519237962,15.957603154198924,85.79619058089015,8.433279921237819,4.39850294788608,0.17115337797291733,0.19813289219988975,6211.975913412953,86.66666666666664,0.1509590849816556,33.548360326062365,56.94227467036792,1.4816847841458023,64.52866693860938,10.129006866218411,17.252989846218355,0.425564348697662,109.706,63.38341540478507,47.63800433061749,15.11436995612985,78.48026253728888,82.17081205317537,53.68530165300172,84.11234796594015,24.30644553971054
157,USA,64.22811714691092,20.251238179570553,995.0598486189897,28.789542843751143,84.92011283863019,11.857978347724785,72.91383879384452,0.3358471681334127,0.4619937228751276,6659.802378331443,98.33333333333336,0.3075629316371317,62.49353762660734,65.25239814432608,5.178828676368959,299.2710624040229,28.08192888501681,,0.692320287227631,125.836,34.05618652517205,65.51222581543573,34.21296045913778,85.33391561770812,72.25436746109523,53.39151172038261,87.0605224855178,20.39536423774899
158,URY,48.86198900200311,0.0256482887652164,67.8172947067182,7.182548503460747,69.12203020285533,35.50122969618006,1.801830575796442,4.234651583728072,0.35699177450427294,1218.7787792179477,58.33333333333335,2.751639000049149,24.61658357810576,45.65282707748961,17.44067610366405,235.13558535226608,78.88789517882692,19.873110436736805,0.313718378543854,62.705,42.52466786143748,40.2730052250356,12.87545317608715,73.96006616302141,61.58230012155803,36.79897286697057,83.16009884710648,25.87833675681119
159,UZB,35.6669367777022,1.9836263546184375e-05,1188.9093077792943,85.56830258277095,36.79055959346782,24.799719101406485,1.481967944160614,,,1270.740597874546,38.33333333333333,1.720355958153475,16.168115362511205,42.40812614252357,,26.746835024543813,71.74999379950687,40.74951052194118,0.702056884765625,32.913,32.17791575591048,25.80648492377225,1.530062276863873,63.70905760798052,33.14138661776336,26.06068226108081,76.487995758204,29.17584579774453
160,VUT,47.15426812656779,0.0,2.2007626948951753,37.1428146450367,40.082962803905644,78.17951064251035,0.03369052449022134,,,163.9533764084426,,3.82505358103467,14.262047445950657,33.25254072598709,,292.71368809288145,643.0946980942592,,0.881028294563293,52.279,45.68829296687716,59.66537769103007,17.71997948009562,68.33291718624017,53.73195720876027,23.05005367119683,78.88108157101293,25.03975336389704
161,VNM,34.77372597399967,7.93450541847375e-05,152.0074280010238,34.99676469750424,43.831727306987254,52.352917523412245,4.571341009081203,19.739404300109374,1.050504014438242,3727.483624138013,43.33333333333333,1.2522578418800916,56.33419701602029,92.46938894956922,15.977190091122209,12.845842287609646,22.947141001729317,51.84968284192764,0.684280276298523,35.353,32.07628354466613,7.617517234822571,0.8804423080998731,71.0523563278632,32.1408846967233,32.89910455492856,78.5753596816596,22.36858541723375
162,ZMB,56.66695845542161,0.0,15.64064829576779,6.817217203916889,28.08222938372561,59.95244450778793,1.8480444436508807,34.271200724165695,40.21903707523596,726.3614573606361,1.6666666666666652,7.908868848427743,22.378579197800832,32.56568987960651,8.972974484248851,145.63532757182801,845.208647120492,17.757358543380228,0.887203812599182,110.79,41.99023756747363,32.90766602590605,13.76052207811767,88.79052851528178,59.82512933787905,38.56381950708231,97.37376981222657,26.00095325482741
163,ZWE,58.80897007532222,0.0,73.41424786098116,21.42941481430053,14.290717488349017,61.94805759053327,0.5994987560282562,12.446829538433322,14.533793728102923,736.8294555089633,,2.0129242363480055,20.921046002232707,29.821774023909715,4.916930966414125,73.32532053788793,262.6544555142826,35.32801253307844,0.852303385734558,99.958,15.59941910199757,34.76889451434585,0.3612169054986225,92.25168549042773,61.66261300441278,48.78675310805197,75.89214855316543,100.0
